{
    "epoch": 9.0,
    "eval_samples": 181,
    "exact_match": 88.0,
    "f1": 90.00837671100828,
    "train_loss": 0.8923182452745559,
    "train_runtime": 546.3983,
    "train_samples": 1944,
    "train_samples_per_second": 32.021,
    "train_steps_per_second": 2.01
}